"Mapa Maestro - Agendas, Landings y Orígenes",,,,,,,,,,,,,,
Usar esta hoja como diccionario de atribución para Zoho/Cal.com. Incluye pendientes de YouTube Nacho y corrección de Google/Home.,,,,,,,,,,,,,,
ID,Tipo de origen,Nombre final,Slug / path principal,URL completa agenda,URL / Landing vinculada,Path landing,Canal normalizado,Subcanal,Flujo asociado,Duración,Estado,Responsable,Acción / Nota,Regla de detección
1,Agenda Cal.com,Consulta LLC 1:1 con Santiago | Reddit,/startcompanies-businessenusa/reddit-llc,https://cal.com/startcompanies-businessenusa/reddit-llc,https://www.startcompanies.io/abre-tu-llc-ads,/abre-tu-llc-ads,Reddit,Reddit LLC,Flujo 2 + corte de llamada,30m,Activo,Santiago / Equipo comercial,Usar para tráfico Reddit.,Si URL contiene /reddit-llc o /abre-tu-llc-ads → Reddit
2,Agenda Cal.com,Abri tu LLC - By Start Companies,/startcompanies-businessenusa/calendario-crea-tu-llc-by-start-companies,https://cal.com/startcompanies-businessenusa/calendario-crea-tu-llc-by-start-companies,https://creatullc.com,creatullc.com,SEO Satélite,abrirtullc,Flujo 2 + corte de llamada,30m,Activo,Equipo comercial,Web SEO satélite abrirtullc.com.,Si URL contiene calendario-crea-tu-llc o creatullc.com → SEO Satélite
3,Agenda Cal.com,Agenda con Ignacio | Consulta Gratuita 30 Min,/startcompanies-businessenusa/agenda-ignacio,https://cal.com/startcompanies-businessenusa/agenda-ignacio,https://agendaignacio.startcompanies.io,agendaignacio.startcompanies.io,Marca Personal,Linktree / Ignacio,Flujo 2 + corte de llamada,30m,Activo,Ignacio,Usar para marca personal / Linktree.,Si URL contiene /agenda-ignacio o agendaignacio.startcompanies.io → Marca Personal
4,Agenda Cal.com,Consulta Gratuita 30 Min - Partner Business en USA,/startcompanies-businessenusa/reunion-gratuita,https://cal.com/startcompanies-businessenusa/reunion-gratuita,Business en USA / Lucio Laria,/reunion-gratuita,Partner,Lucio Laria / Business en USA,Flujo 2 + corte de llamada,30m,Activo,Lucio / Partner,Partner business en USA.,Si URL contiene /reunion-gratuita → Partner Business en USA
5,Agenda Cal.com,Crea tu LLC en EE.UU. | Form Meta Ads,/startcompanies-businessenusa/agendaformmeta,https://cal.com/startcompanies-businessenusa/agendaformmeta,https://www.startcompanies.io/agendamientoform,/agendamientoform,Meta Ads,Lead Form Meta / Retargeting,Flujo agencia + corte llamada + luego Flujo 2,30m,Activo,Agencia / Equipo comercial,Retargeting de Lead Form Meta.,Si URL contiene /agendaformmeta o /agendamientoform → Meta Retargeting Lead Form
6,Agenda Cal.com,Consulta Gratuita 30 Min - Home / Web Orgánica,/startcompanies-businessenusa/agenda-organica,https://cal.com/startcompanies-businessenusa/agenda-organica,wwww.startcompanies.net,/agenda-organica,Web Organic / SEO,Home / Web orgánica,Flujo 2 + corte de llamada,30m,Activo,Martín / Equipo web,Este debe ser el calendario correcto para Home. No usar calendario Google en Home.,Si URL contiene /agenda-organica o Home → Web Organic / SEO
7,Agenda Cal.com,Consulta de Seguimiento - Clientes Start Companies,/startcompanies-businessenusa/agenda-consulta-clientes,https://cal.com/startcompanies-businessenusa/agenda-consulta-clientes,https://agendaclientes.startcompanies.io,agendaclientes.startcompanies.io,Cliente actual,Seguimiento clientes,No adquisición / soporte,10m,Activo,Soporte / Customer Success,Solo para clientes actuales; no usar como fuente de adquisición.,Si URL contiene /agenda-consulta-clientes o agendaclientes → Cliente actual
8,Agenda Cal.com,Consulta Gratuita 30 Min - AI Event,/startcompanies-businessenusa/ai-event,https://cal.com/startcompanies-businessenusa/ai-event,Pendiente confirmar,/ai-event,Evento / AI,AI Event,A confirmar,30m,Activo / revisar,Equipo,Confirmar si es evento puntual o canal activo.,Si URL contiene /ai-event → Evento / AI
9,Agenda Cal.com,Asesoría estratégica 1:1 para tu LLC - Meta / Landings,/startcompanies-businessenusa/30min,https://cal.com/startcompanies-businessenusa/30min,Landings Meta,/30min,Meta Ads,Landings Meta,Flujo 2 + retargeting + corte de llamada,30m,Activo,Equipo comercial,Era el principal de Meta / landings.,Si URL contiene /30min → Meta Ads
10,Agenda Cal.com,Optimización de Cobros en USD - Mailcamp,/startcompanies-businessenusa/consulta-mailcamp,https://cal.com/startcompanies-businessenusa/consulta-mailcamp,Email / Mailcamp,/consulta-mailcamp,Email Marketing,Mailcamp,Flujo específico email + corte llamada,20m,Activo / revisar,Equipo marketing,Campaña de emails sobre cobros en USD.,Si URL contiene /consulta-mailcamp → Email Marketing
11,Agenda Cal.com,Consulta Gratuita SEO - Start Companies,/startcompanies-businessenusa/consulta-gratuita,https://cal.com/startcompanies-businessenusa/consulta-gratuita,Start Companies SEO,/consulta-gratuita,Web Organic / SEO,SEO Start Companies,Flujo 2 + corte de llamada,30m,Activo,SEO / Equipo web,Viene del SEO de Start Companies.,Si URL contiene /consulta-gratuita → Web Organic / SEO
12,Agenda Cal.com,Estrategia para cobrar en USD con LLC en EE.UU. - YouTube Ads,/startcompanies-businessenusa/calendarioyoutube,https://cal.com/startcompanies-businessenusa/calendarioyoutube,https://www.startcompanies.io/abrir-llc-estados-unidos,/abrir-llc-estados-unidos,YouTube Ads,Calendario YouTube Ads,Flujo 2 + corte de llamada,30m,Activo,Equipo ads,Usar solo para pauta de YouTube Ads.,Si URL contiene /calendarioyoutube → YouTube Ads
13,Agenda Cal.com,Asesoría personalizada LLC + Cobros USD - Google Ads,/startcompanies-businessenusa/calendariogoogle,https://cal.com/startcompanies-businessenusa/calendariogoogle,https://www.startcompanies.io/crear-llc-usa,/crear-llc-usa,Google Ads,Search Ads,Flujo 2 + corte de llamada,30m,Activo - corregir uso en Home,Martín / Ads,IMPORTANTE: se está usando para Home donde no debería. Martín debe corregir Home y dejar este calendario solo para Google Ads.,Si URL contiene /calendariogoogle o /crear-llc-usa → Google Ads
14,Agenda Cal.com,Calendario Cole - Start Companies,/startcompanies-businessenusa/calendario-cole-startcompanies,https://cal.com/startcompanies-businessenusa/calendario-cole-startcompanies,Referido Cole,/calendario-cole-startcompanies,Partner / Equipo,Cole,A confirmar,30m,Activo / revisar,Cole / Equipo,"Confirmar uso: partner, equipo interno o canal comercial.",Si URL contiene /calendario-cole-startcompanies → Partner / Equipo
15,Agenda Cal.com,Consulta Gratuita 30 Min sobre LLC - Discontinuado / interno,/startcompanies-businessenusa/agendaorganica,https://cal.com/startcompanies-businessenusa/agendaorganica,Uso interno WhatsApp,/agendaorganica,WhatsApp / Manual,Agenda orgánica interna,Flujo 2 + corte de llamada,30m,Discontinuado / uso interno,Equipo comercial,Antes orgánico/YouTube/otros. Usar internamente solo si el equipo manda link por WhatsApp.,Si URL contiene /agendaorganica → WhatsApp / Manual
16,Landing,META - Asesoría LLC,/asesoria-llc,,https://www.startcompanies.io/asesoria-llc,/asesoria-llc,Meta Ads,Landing Meta,No aplica,,Activo,Agencia / Web,"Sin VSL - 'Asesoría 30 minutos, sabés cuánto ahorrás'.",Si landing contiene /asesoria-llc → Meta Ads
17,Landing,META - Presentación IO,/presentacion,,https://www.startcompanies.io/presentacion,/presentacion,Meta Ads,Landing Meta,No aplica,,Activo,Agencia / Web,Mensaje: 'Seguís pagando impuestos de local'.,Si landing contiene /presentacion → Meta Ads
18,Landing,META - Presentación US,/presentacion,,https://www.startcompanies.us/presentacion,/presentacion,Meta Ads,Landing Meta,No aplica,,Activo,Agencia / Web,Misma campaña que presentación IO.,Si landing contiene startcompanies.us/presentacion → Meta Ads
19,Landing,META - LLC activa en 7 días,/llc-7-dias,,https://www.startcompanies.io/llc-7-dias,/llc-7-dias,Meta Ads,Landing Meta,No aplica,,Activo,Agencia / Web,Mensaje: 'LLC activa en 7 días'.,Si landing contiene /llc-7-dias → Meta Ads
20,Landing,META - Abre tu LLC IO,/abre-tu-llc,,https://www.startcompanies.io/abre-tu-llc,/abre-tu-llc,Meta Ads,Landing Meta,No aplica,,Activo,Agencia / Web,Mensaje: 'No pagás hasta que tu LLC esté activa'.,Si landing contiene startcompanies.io/abre-tu-llc → Meta Ads
21,Agenda pendiente,PENDIENTE - YouTube Nacho / Descripción YouTube,Sugerido: /startcompanies-businessenusa/youtube-nacho,Pendiente crear,Pendiente crear landing propia,Sugerido: /youtube-llc o /descripcion-youtube,YouTube Orgánico,Descripción de videos / Nacho,Flujo 2 + corte de llamada,30m,Pendiente crear,Nacho,"Crear uno específico para YouTube Nacho, como ítem #21. No usar /calendarioyoutube porque ese debe quedar para YouTube Ads.",Cuando exista: si URL contiene /youtube-nacho o landing YouTube descripción → YouTube Orgánico
22,Landing,META - Abre tu LLC US,/abre-tu-llc,,https://www.startcompanies.us/abre-tu-llc,/abre-tu-llc,Meta Ads,Landing Meta,No aplica,,Activo,Agencia / Web,Misma campaña que Abre tu LLC IO.,Si landing contiene startcompanies.us/abre-tu-llc → Meta Ads
23,Landing,YouTube - Abrir LLC Estados Unidos,/abrir-llc-estados-unidos,,https://www.startcompanies.io/abrir-llc-estados-unidos,/abrir-llc-estados-unidos,YouTube Ads,Landing YouTube,No aplica,,Activo / revisar orgánico,Ads / Web,"Hoy se usa para YouTube Ads. Confirmar si también se usa en descripción orgánica; si sí, conviene separar.",Si landing contiene /abrir-llc-estados-unidos → YouTube Ads salvo UTM orgánico
24,Landing,Google - Crear LLC USA,/crear-llc-usa,,https://www.startcompanies.io/crear-llc-usa,/crear-llc-usa,Google Ads,Search Ads,No aplica,,Activo - revisar Home,Martín / Ads,Landing para Google Ads. No debe usarse como Home ni calendario Home.,Si landing contiene /crear-llc-usa → Google Ads
25,Landing,Marca Personal - Agenda Ignacio,agendaignacio.startcompanies.io,,https://agendaignacio.startcompanies.io,agendaignacio.startcompanies.io,Marca Personal,Ignacio,No aplica,,Activo,Ignacio / Web,Landing/subdominio de marca personal.,Si URL contiene agendaignacio.startcompanies.io → Marca Personal
26,Landing,Clientes - Agenda clientes,agendaclientes.startcompanies.io,,https://agendaclientes.startcompanies.io,agendaclientes.startcompanies.io,Cliente actual,Agenda clientes,No aplica,,Activo,Customer Success,No contar como adquisición.,Si URL contiene agendaclientes.startcompanies.io → Cliente actual
27,Landing,Reddit - Abre tu LLC Ads,/abre-tu-llc-ads,,https://www.startcompanies.io/abre-tu-llc-ads,/abre-tu-llc-ads,Reddit,Reddit Ads / Reddit LLC,No aplica,,Activo,Marketing,Landing específica Reddit.,Si landing contiene /abre-tu-llc-ads → Reddit
28,Landing,Meta Retargeting - Agendamiento Form,/agendamientoform,,https://www.startcompanies.io/agendamientoform,/agendamientoform,Meta Ads,Retargeting Lead Form,No aplica,,Activo,Agencia / Web,Para retargeting de Meta agenda formmeta.,Si landing contiene /agendamientoform → Meta Retargeting
29,Path interno,Path genérico - agenda,/agenda,,,/agenda,A clasificar,Path interno,No aplica,,Revisar,Benja / Web,Mapear solo si aparece en datos.,Si path = /agenda → revisar fuente/UTM
30,Path interno,Path genérico - agendar,/agendar,,,/agendar,A clasificar,Path interno,No aplica,,Revisar,Benja / Web,Mapear solo si aparece en datos.,Si path = /agendar → revisar fuente/UTM
31,Path interno,Apertura Banco Relay,/apertura-banco-relay,,,/apertura-banco-relay,Relay / Banco,Landing bancaria,No aplica,,Revisar,Equipo bancos,Puede ser adquisición bancaria o servicio a cliente actual; clasificar por contexto.,Si path contiene /apertura-banco-relay → Relay / Banco
32,Path interno,Evaluar caso,/evaluar-caso,,,/evaluar-caso,A clasificar,Formulario evaluación,No aplica,,Revisar,Marketing / Web,Definir canal con UTM/referrer.,Si path contiene /evaluar-caso → revisar UTM
33,Path interno,Quiero mi LLC,/quiero-mi-llc,,,/quiero-mi-llc,A clasificar,CTA web,No aplica,,Revisar,Marketing / Web,Definir canal con UTM/referrer.,Si path contiene /quiero-mi-llc → revisar UTM
34,Path interno,Rescate Relay,/rescate-relay,,,/rescate-relay,Relay / Rescate,Campaña bancaria,No aplica,,Revisar,Equipo bancos,Puede requerir canal propio.,Si path contiene /rescate-relay → Relay / Rescate
35,Landing pendiente, Landing YouTube Descripción / Orgánico,sistemallc.startcompanies.io,https://cal.com/startcompanies-businessenusa/cal.com-startcompanies-businessenusa-sistema-contable,Pendiente crear,Pendiente crear,YouTube Orgánico,Descripción de videos,No aplica,,Activo,Creado para nacho,Creado,Cuando exista: si landing contiene nuevo path YouTube descripción → YouTube Orgánico